progreso_proyecto,impacto_inversion,ratio_rentabilidad,clase_riesgo
0.413,0.9887,0.8075,Medio
0.5296,0.8114,2.8183,Alto
0.1063,0.3729,2.8722,Alto
0.9618,0.8191,3.4532,Alto
0.4241,0.5246,2.7715,Alto
0.4602,0.8544,3.2143,Alto
0.0732,0.4195,1.2735,Medio
0.8059,0.7339,2.7231,Alto
0.0135,0.7941,2.845,Alto
0.2297,0.538,3.7537,Alto
0.4085,0.5629,1.4738,Medio
0.589,0.2749,2.8512,Alto
0.2307,0.2892,3.5661,Alto
0.9404,0.4363,2.4496,Medio
0.2174,0.7758,3.3382,Alto
0.8159,0.9694,2.5105,Alto
0.0761,0.8725,2.1365,Alto
0.9494,0.7138,3.1778,Alto
0.5872,0.7612,2.6183,Alto
0.6649,0.4328,2.9243,Alto
0.3408,0.169,1.5429,Medio
0.3448,0.1616,2.2442,Alto
0.3819,0.3398,0.8269,Medio
0.1022,0.1418,3.0371,Alto
0.0884,0.1329,1.3661,Medio
0.8767,0.2185,2.9348,Alto
0.8076,0.064,0.9944,Bajo
0.3029,0.8235,2.8906,Alto
0.8354,0.7211,3.5788,Alto
0.3894,0.0829,2.3808,Alto
0.3769,0.0425,2.9857,Alto
0.7779,0.5322,2.5141,Alto
0.812,0.5718,1.0446,Bajo
0.2881,0.6743,2.528,Alto
0.0924,0.207,1.4002,Medio
0.3589,0.6081,1.1273,Medio
0.5995,0.4513,3.3359,Alto
0.1,0.3011,1.3293,Medio
0.8103,0.4215,0.9309,Bajo
0.3065,0.4631,2.6383,Alto
0.9717,0.3554,3.8541,Alto
0.9322,0.6426,2.1331,Medio
0.4157,0.655,2.6399,Alto
0.7541,0.3309,2.9638,Alto
0.7812,0.3583,3.2593,Alto
0.0643,0.1443,2.3536,Alto
0.5105,0.0597,2.8669,Alto
0.8598,0.84,3.2549,Alto
0.2524,0.6019,2.1696,Alto
0.3761,0.775,3.8715,Alto
0.5327,0.0358,2.2551,Medio
0.7834,0.3316,1.5153,Medio
0.2872,0.675,3.9264,Alto
0.8059,0.1281,2.7434,Medio
0.8873,0.6264,1.9206,Medio
0.778,0.1817,2.3723,Medio
0.9517,0.361,3.8654,Alto
0.8265,0.0379,2.5047,Medio
0.441,0.1131,3.4788,Alto
0.6343,0.6059,3.4329,Alto
0.0145,0.5053,1.0091,Medio
0.8705,0.93,3.7922,Alto
0.2468,0.6463,2.0116,Alto
0.3434,0.9158,2.6406,Alto
0.1786,0.1664,3.363,Alto
0.7198,0.8401,2.1087,Alto
0.6639,0.5721,3.5716,Alto
0.2948,0.7444,3.5952,Alto
0.4233,0.6514,2.6657,Alto
0.6463,0.4677,3.9165,Alto
0.9862,0.6523,3.9966,Alto
0.9246,0.4569,2.504,Medio
0.6083,0.6075,2.1271,Alto
0.0748,0.3876,0.9003,Medio
0.4778,0.0409,2.3719,Medio
0.5864,0.8393,0.9311,Medio
0.77,0.415,2.7563,Alto
0.7042,0.126,2.6857,Medio
0.2329,0.4838,2.2896,Alto
0.3079,0.9216,2.2294,Alto
0.1438,0.1946,1.4481,Medio
0.2509,0.3233,0.8764,Medio
0.0087,0.3423,3.4957,Alto
0.0598,0.1104,0.9556,Medio
0.6886,0.7473,3.4105,Alto
0.5832,0.7724,3.9154,Alto
0.2436,0.7971,3.0914,Alto
0.7972,0.9846,3.6216,Alto
0.1547,0.0519,2.927,Alto
0.4161,0.7434,3.0559,Alto
0.0583,0.5079,1.556,Alto
0.2887,0.7796,2.4353,Alto
0.5563,0.1285,3.5902,Alto
0.3601,0.5131,3.0877,Alto
0.1641,0.0977,1.5159,Medio
0.0049,0.0615,1.5009,Medio
0.6254,0.9279,3.1184,Alto
0.5185,0.5838,2.343,Alto
0.0286,0.1899,1.1695,Medio
0.3603,0.5805,1.9574,Alto
0.5293,0.6068,1.3988,Medio
0.4961,0.6899,0.9646,Medio
0.0083,0.1527,1.0828,Medio
0.015,0.5153,2.0998,Alto
0.237,0.7687,2.1889,Alto
0.7326,0.6393,3.2906,Alto
0.6315,0.6677,1.7021,Medio
0.1105,0.0824,0.9502,Medio
0.7601,0.4302,2.3019,Medio
0.4252,0.7342,3.039,Alto
0.3652,0.1919,1.0014,Bajo
0.9746,0.7735,3.0813,Alto
0.681,0.3766,3.0152,Alto
0.1934,0.8813,2.3832,Alto
0.4537,0.2263,2.958,Alto
0.1983,0.6902,0.9045,Medio
0.305,0.2553,1.3295,Medio
0.8093,0.2904,3.8853,Alto
0.271,0.5115,3.4706,Alto
0.9224,0.6074,3.6064,Alto
0.8611,0.2909,3.0357,Alto
0.811,0.4076,2.6657,Alto
0.0523,0.7779,3.3514,Alto
0.2523,0.4817,1.4741,Medio
0.626,0.9992,2.7389,Alto
0.6021,0.5116,2.2753,Alto
0.1361,0.7871,1.9222,Alto
0.2789,0.2291,2.7757,Alto
0.0247,0.0499,3.0887,Alto
0.988,0.1883,3.712,Alto
0.5368,0.2667,2.3871,Alto
0.5866,0.3904,3.0004,Alto
0.4579,0.0121,0.9736,Bajo
0.8879,0.7611,3.7716,Alto
0.3714,0.5269,2.8549,Alto
0.5779,0.9827,1.7803,Alto
0.8172,0.854,2.6313,Alto
0.3446,0.1946,2.9597,Alto
0.0512,0.1035,0.9266,Medio
0.6172,0.127,1.3062,Bajo
0.613,0.7227,0.8154,Medio
0.7043,0.0802,2.4213,Medio
0.6502,0.0894,2.3289,Medio
0.4362,0.8306,2.7273,Alto
0.0544,0.8128,1.4919,Alto
0.7869,0.8696,3.1925,Alto
0.5268,0.5111,1.9696,Medio
0.3758,0.5923,3.8394,Alto
0.8856,0.0677,1.8567,Bajo
0.0417,0.8129,2.1919,Alto
0.4876,0.6457,1.7512,Medio
0.7946,0.0353,2.9655,Alto
0.7758,0.4457,2.3097,Medio
0.8015,0.5311,3.2075,Alto
0.0683,0.937,2.8875,Alto
0.0999,0.0903,3.8426,Alto
0.2045,0.982,1.2296,Alto
0.0758,0.0244,1.8513,Medio
0.0728,0.554,1.6239,Alto
0.001,0.1337,3.9614,Alto
0.9173,0.983,0.9236,Bajo
0.4328,0.2164,3.6105,Alto
0.2004,0.3859,1.7356,Medio
0.3452,0.1925,1.3986,Medio
0.3011,0.6433,1.8958,Alto
0.3979,0.2419,1.8336,Medio
0.3893,0.9648,1.3578,Medio
0.2238,0.7225,3.957,Alto
0.9569,0.1693,2.0051,Medio
0.3542,0.8609,1.3992,Medio
0.3711,0.348,1.4014,Medio
0.2277,0.2111,1.5457,Medio
0.3841,0.7267,0.9555,Medio
0.5292,0.1817,2.5901,Alto
0.4326,0.5495,1.3595,Medio
0.3131,0.918,1.1267,Medio
0.7517,0.6798,3.8834,Alto
0.1357,0.9831,2.1468,Alto
0.8522,0.0754,1.9956,Medio
0.093,0.5191,2.0162,Alto
0.0937,0.1266,1.3701,Medio
0.4625,0.9041,0.8318,Medio
0.2283,0.4464,3.3677,Alto
0.5465,0.4366,3.6679,Alto
0.9852,0.9582,1.9326,Medio
0.9832,0.727,3.1992,Alto
0.0762,0.3071,3.2259,Alto
0.6237,0.1323,2.9707,Alto
0.6605,0.9883,2.5782,Alto
0.9581,0.7718,0.9447,Bajo
0.2416,0.2783,1.9771,Alto
0.1507,0.4632,2.9355,Alto
0.5476,0.6423,3.1961,Alto
0.4429,0.3039,3.3927,Alto
0.2532,0.1716,2.1376,Alto
0.1834,0.7297,2.3127,Alto
0.5011,0.7931,2.782,Alto
0.5906,0.4302,3.9362,Alto
0.4985,0.4176,1.1748,Medio
0.4758,0.6889,2.8137,Alto
0.6379,0.6555,1.9422,Medio
0.3397,0.9384,1.3095,Medio
0.5141,0.5426,1.7133,Medio
0.6784,0.6856,3.7905,Alto
0.0438,0.9838,3.3675,Alto
0.1114,0.4893,2.096,Alto
0.7684,0.4364,1.5288,Medio
0.7713,0.108,3.2175,Alto
0.1688,0.2002,1.5106,Medio
0.6492,0.4156,1.9275,Medio
0.4251,0.3759,3.2169,Alto
0.5284,0.8467,2.3125,Alto
0.1675,0.2411,2.2374,Alto
0.6361,0.6052,2.8145,Alto
0.594,0.3843,2.1435,Medio
0.6123,0.8814,1.8292,Alto
0.7369,0.403,2.4797,Alto
0.879,0.033,3.0285,Alto
0.6944,0.4409,2.9192,Alto
0.1494,0.5686,1.1478,Medio
0.1026,0.8797,1.4731,Alto
0.4399,0.1318,2.0582,Medio
0.0047,0.4321,2.2358,Alto
0.2497,0.5056,1.8367,Alto
0.1947,0.2487,1.2132,Medio
0.966,0.4143,1.753,Medio
0.815,0.5399,3.6816,Alto
0.9969,0.9681,0.8903,Bajo
0.8446,0.8608,1.1438,Medio
0.1098,0.792,1.304,Alto
0.3777,0.3917,2.1902,Alto
0.8903,0.844,1.2703,Medio
0.6576,0.7721,2.4278,Alto
0.2336,0.6543,2.0708,Alto
0.7599,0.2745,2.2907,Medio
0.577,0.1994,3.7868,Alto
0.3284,0.1977,1.1139,Medio
0.0351,0.0651,1.9795,Alto
0.2973,0.201,1.4414,Medio
0.5676,0.4417,1.0909,Bajo
0.0378,0.1576,1.7362,Medio
0.5704,0.9747,1.7649,Alto
0.1028,0.7215,0.8216,Medio
0.2624,0.8129,1.6899,Alto
0.5078,0.1049,1.8528,Medio
0.6434,0.5325,2.4543,Alto
0.5297,0.5102,2.9396,Alto
0.4152,0.1139,2.8844,Alto
0.6662,0.3855,3.5213,Alto
0.2859,0.5373,3.1954,Alto
0.9739,0.6453,1.041,Bajo
0.3235,0.9286,3.3846,Alto
0.74,0.21,2.5163,Medio
0.5822,0.6292,1.9756,Medio
0.1959,0.7506,3.5466,Alto
0.4385,0.5447,2.7143,Alto
0.2206,0.2301,2.868,Alto
0.0607,0.766,3.2708,Alto
0.6873,0.681,1.7395,Medio
0.1212,0.3309,3.5951,Alto
0.5544,0.9672,3.5245,Alto
0.5258,0.7314,3.5423,Alto
0.6947,0.0301,2.0091,Medio
0.7559,0.3021,2.0933,Medio
0.3644,0.9543,2.1776,Alto
0.3929,0.6447,2.7829,Alto
0.7839,0.0382,3.3434,Alto
0.6726,0.3123,2.9207,Alto
0.8848,0.4229,1.7153,Medio
0.914,0.0914,1.7328,Bajo
0.7446,0.8621,3.179,Alto
0.4196,0.4825,3.476,Alto
0.9066,0.6352,1.8277,Medio
0.8836,0.8288,3.4669,Alto
0.7543,0.2963,3.2281,Alto
0.0645,0.0417,1.5547,Medio
0.5761,0.6957,2.4319,Alto
0.9891,0.9735,1.463,Medio
0.7903,0.8088,2.4362,Alto
0.6329,0.1054,2.3275,Medio
0.8278,0.5147,1.6837,Medio
0.1864,0.4906,3.0066,Alto
0.1394,0.8671,3.2511,Alto
0.7947,0.9173,1.7232,Medio
0.4582,0.2338,1.7622,Medio
0.4926,0.866,1.2117,Medio
0.2212,0.809,0.8318,Medio
0.097,0.2496,2.0688,Alto
0.1903,0.5564,0.9566,Medio
0.6711,0.9009,1.0551,Medio
0.8257,0.371,1.645,Medio
0.133,0.8177,1.5525,Alto
0.2266,0.9737,3.3542,Alto
0.4629,0.5639,1.9626,Alto
0.9712,0.2264,2.3183,Medio
0.9305,0.0199,3.7937,Alto
0.3369,0.9591,2.463,Alto
0.6645,0.2369,1.0527,Bajo
0.0325,0.3272,3.2462,Alto
0.3694,0.6701,2.2899,Alto
0.5783,0.8332,0.8335,Medio
0.9525,0.7729,2.7422,Alto
0.7967,0.9328,1.3715,Medio
0.9957,0.8466,2.2182,Medio
0.9719,0.6854,3.0658,Alto
0.5227,0.7744,2.2164,Alto
0.6406,0.6378,1.4523,Medio
0.1047,0.2883,3.257,Alto
0.1585,0.5399,3.3105,Alto
0.6619,0.0481,3.241,Alto
0.8028,0.6596,0.9032,Bajo
0.002,0.0505,1.1707,Medio
0.0047,0.58,1.0027,Medio
0.7,0.3912,3.4964,Alto
0.0696,0.4858,2.5963,Alto
0.2345,0.8293,1.8774,Alto
0.2267,0.0065,1.0711,Bajo
0.3401,0.2346,3.8454,Alto
0.9973,0.6357,1.2947,Bajo
0.5401,0.5645,2.9404,Alto
0.3275,0.9301,1.3088,Medio
0.9312,0.4758,1.6114,Medio
0.4548,0.814,1.1854,Medio
0.4375,0.3947,2.7628,Alto
0.6445,0.4869,1.9311,Medio
0.3087,0.5725,2.2613,Alto
0.1706,0.5471,3.8031,Alto
0.3171,0.3923,2.5583,Alto
0.384,0.694,1.6147,Medio
0.6079,0.9961,3.2157,Alto
0.4901,0.375,1.5556,Medio
0.9874,0.7499,2.2373,Medio
0.472,0.6948,1.6885,Medio
0.6658,0.5938,1.575,Medio
0.1727,0.3959,2.275,Alto
0.4374,0.7794,1.6967,Alto
0.3063,0.1439,1.9133,Medio
0.5184,0.274,1.2294,Medio
0.3891,0.8205,3.2157,Alto
0.7399,0.9325,3.2929,Alto
0.1699,0.6549,1.5291,Alto
0.194,0.4242,3.0039,Alto
0.4623,0.2438,2.3723,Alto
0.8755,0.8447,2.1232,Medio
0.3097,0.8607,3.4535,Alto
0.861,0.0658,0.9462,Bajo
0.9788,0.9596,1.4214,Medio
0.4911,0.7962,2.7529,Alto
0.4615,0.4424,0.9827,Medio
0.0895,0.7227,3.8083,Alto
0.9144,0.6038,1.889,Medio
0.9167,0.7045,2.5347,Alto
0.4776,0.6706,2.6083,Alto
0.2998,0.9859,1.3965,Alto
0.9986,0.9071,2.2197,Medio
0.5002,0.6198,2.2274,Alto
0.4586,0.4205,2.449,Alto
0.2996,0.5338,2.7578,Alto
0.4531,0.0813,1.6234,Medio
0.0143,0.7433,0.9137,Medio
0.8237,0.1277,2.7248,Medio
0.0957,0.3774,1.2226,Medio
0.0072,0.6159,1.5527,Alto
0.4647,0.8561,3.3685,Alto
0.8309,0.7676,1.8623,Medio
0.7087,0.7971,2.0411,Alto
0.009,0.6017,2.1041,Alto
0.164,0.5392,2.6267,Alto
0.024,0.0255,2.6839,Alto
0.1786,0.8174,2.918,Alto
0.986,0.285,3.6285,Alto
0.9355,0.11,1.3054,Bajo
0.3472,0.7967,2.2183,Alto
0.7221,0.8644,3.4292,Alto
0.8057,0.6615,2.1801,Medio
0.5205,0.8293,3.6265,Alto
0.7046,0.8139,1.3867,Medio
0.1729,0.2191,3.419,Alto
0.6444,0.92,3.6505,Alto
0.2847,0.7236,2.6895,Alto
0.984,0.0817,1.6038,Bajo
0.2062,0.7529,0.8424,Medio
0.2913,0.9885,3.29,Alto
0.1945,0.804,2.5978,Alto
0.4958,0.986,1.0663,Medio
0.3978,0.3721,3.7444,Alto
0.1472,0.9192,1.1138,Medio
0.3074,0.0364,3.2993,Alto
0.0904,0.2061,2.3091,Alto
0.9057,0.8793,3.478,Alto
0.9436,0.9163,2.7834,Alto
0.5267,0.5995,2.0253,Alto
0.3639,0.6065,3.6107,Alto
0.28,0.7419,2.2478,Alto
0.2204,0.7524,1.0419,Medio
0.2306,0.3665,3.7685,Alto
0.1785,0.4906,1.2346,Medio
0.5665,0.0991,3.6322,Alto
0.0865,0.908,1.4011,Alto
0.7,0.386,3.5238,Alto
0.5957,0.0067,3.6224,Alto
0.8447,0.5674,2.3098,Medio
0.3431,0.972,1.6806,Alto
0.7956,0.68,2.9496,Alto
0.1811,0.5605,1.0537,Medio
0.9344,0.9761,3.6047,Alto
0.2936,0.1615,1.6893,Medio
0.2103,0.3594,2.6323,Alto
0.631,0.937,1.4743,Medio
0.4649,0.4001,2.0645,Medio
0.4667,0.885,2.3429,Alto
0.3974,0.8869,2.1394,Alto
0.1896,0.4114,3.1788,Alto
0.4771,0.8065,3.9818,Alto
0.4642,0.8167,3.1549,Alto
0.5546,0.7938,2.8793,Alto
0.426,0.9006,0.8995,Medio
0.3764,0.1076,3.3075,Alto
0.8926,0.8718,1.9799,Medio
0.7683,0.2823,2.8081,Alto
0.9657,0.3763,2.2489,Medio
0.405,0.2466,2.956,Alto
0.077,0.5772,1.2629,Medio
0.8778,0.004,1.5485,Bajo
0.6494,0.3145,1.2594,Bajo
0.1243,0.5703,1.5114,Alto
0.9797,0.4354,1.041,Bajo
0.8697,0.0436,2.6263,Medio
0.999,0.6163,2.5211,Medio
0.9683,0.7209,2.8839,Alto
0.5233,0.0256,3.9268,Alto
0.9234,0.9288,2.9126,Alto
0.6334,0.1637,2.6854,Alto
0.7092,0.4949,1.432,Medio
0.7548,0.5545,2.5302,Alto
0.4798,0.052,1.0665,Bajo
0.6206,0.906,2.0737,Alto
0.1406,0.5771,2.1745,Alto
0.5074,0.6445,3.3618,Alto
0.1933,0.5707,3.9869,Alto
0.4498,0.9505,2.9129,Alto
0.9097,0.3137,2.3452,Medio
0.3454,0.2577,1.071,Medio
0.0694,0.8836,3.9367,Alto
0.4476,0.0007,1.4331,Medio
0.2499,0.3918,3.293,Alto
0.583,0.1288,3.1857,Alto
0.2072,0.1235,3.8714,Alto
0.9551,0.4204,3.1625,Alto
0.6121,0.8416,1.1,Medio
0.2423,0.141,1.0112,Medio
0.2269,0.2796,3.5078,Alto
0.551,0.02,1.6242,Medio
0.2072,0.87,2.1906,Alto
0.771,0.2626,2.7948,Alto
0.02,0.4777,1.4429,Alto
0.7002,0.1315,2.9168,Alto
0.7592,0.5287,3.7162,Alto
0.8684,0.2427,2.1558,Medio
0.2364,0.8123,2.9936,Alto
0.7377,0.961,2.1739,Alto
0.318,0.0703,1.2696,Medio
0.8896,0.3854,2.0361,Medio
0.6732,0.5809,2.3195,Alto
0.9162,0.83,3.0404,Alto
0.0693,0.0654,1.1028,Medio
0.5199,0.2248,2.4902,Alto
0.8135,0.2846,2.7145,Alto
0.0645,0.8127,2.9747,Alto
0.6092,0.0263,2.4985,Medio
0.1884,0.661,2.5953,Alto
0.2158,0.5735,2.6811,Alto
0.3033,0.0688,2.2135,Medio
0.6287,0.0494,2.4786,Medio
0.7993,0.0343,0.9373,Bajo
0.8423,0.9571,1.2806,Medio
0.9669,0.2992,1.5861,Bajo
0.3252,0.9638,1.7734,Alto
0.06,0.1388,1.8454,Alto
0.9831,0.5506,1.7458,Medio
0.8437,0.5167,3.9391,Alto
0.0296,0.7743,3.6133,Alto
0.8203,0.539,1.4836,Medio
0.1939,0.1285,3.6412,Alto
0.6865,0.6463,2.9799,Alto
0.1346,0.8496,2.3317,Alto
0.2414,0.8197,1.7703,Alto
0.8384,0.9683,2.2332,Alto
0.7855,0.3556,1.3352,Bajo
0.3294,0.6973,3.1702,Alto
0.6075,0.3319,1.6444,Medio
0.2491,0.3551,1.8271,Medio
0.7469,0.0932,1.5014,Bajo
0.3197,0.0481,3.2137,Alto
0.7429,0.3354,3.5487,Alto
0.0298,0.0131,3.8928,Alto
0.7921,0.995,2.9106,Alto
0.2068,0.605,3.9363,Alto
0.2231,0.6372,3.7764,Alto
0.7964,0.0532,1.4883,Bajo
0.0057,0.9597,1.7122,Alto
0.3392,0.6333,2.4782,Alto
0.6557,0.3618,3.3308,Alto
0.5711,0.3932,3.6757,Alto
0.9769,0.3818,1.879,Medio
0.7764,0.7108,1.2337,Medio
0.1276,0.7253,3.1254,Alto
0.8887,0.9846,2.2705,Alto
0.2301,0.6178,3.3,Alto
0.5334,0.5058,3.6775,Alto
0.5726,0.4376,2.2212,Alto
0.4911,0.7515,3.9185,Alto
0.0593,0.8431,1.6243,Alto
0.7807,0.1889,3.6964,Alto
0.9921,0.583,1.321,Bajo
0.4732,0.5361,0.9097,Medio
0.9268,0.9801,0.8893,Bajo
0.4702,0.2254,3.0873,Alto
0.4596,0.9955,0.9809,Medio
0.1056,0.8114,2.5303,Alto
0.3846,0.1252,2.0259,Medio
0.1371,0.5691,2.889,Alto
0.1111,0.0525,2.0246,Alto
0.9551,0.9342,1.1071,Bajo
0.6488,0.5349,2.2408,Alto
0.2869,0.3485,3.8254,Alto
0.0974,0.8797,2.2442,Alto
0.6966,0.5254,3.6587,Alto
0.585,0.885,2.6449,Alto
0.6518,0.9973,1.3107,Medio
0.1574,0.7411,3.4447,Alto
0.752,0.332,3.2814,Alto
0.9967,0.0098,2.6089,Medio
0.5806,0.9751,1.7912,Alto
0.8183,0.0707,3.5956,Alto
0.0179,0.4124,0.9238,Medio
0.6445,0.2068,1.5573,Medio
0.2111,0.083,2.9716,Alto
0.2514,0.0062,1.4588,Medio
0.1286,0.1427,1.1542,Medio
0.5197,0.7854,3.7342,Alto
0.124,0.4372,3.6741,Alto
0.9281,0.4055,3.4701,Alto
0.3109,0.0892,2.5952,Alto
0.5914,0.4426,2.9587,Alto
0.4855,0.8777,2.3341,Alto
0.0941,0.3964,2.9949,Alto
0.7836,0.7143,3.5827,Alto
0.0398,0.8647,1.5664,Alto
0.5144,0.6681,0.8656,Medio
0.9183,0.8232,2.0388,Medio
0.633,0.8592,2.9263,Alto
0.6877,0.9643,1.9496,Alto
0.5795,0.8056,2.8578,Alto
0.3948,0.1774,2.8674,Alto
0.965,0.6982,2.518,Alto
0.5937,0.5406,1.124,Medio
0.7231,0.6388,2.3082,Alto
0.2633,0.0863,1.7475,Medio
0.329,0.7444,3.6187,Alto
0.1589,0.2607,3.8247,Alto
0.1742,0.4971,3.4925,Alto
0.664,0.8163,3.0755,Alto
0.5788,0.4491,2.5976,Alto
0.7861,0.1184,2.6102,Medio
0.6984,0.6329,3.5795,Alto
0.3797,0.6718,3.006,Alto
0.1186,0.1534,3.5656,Alto
0.0197,0.8976,2.2417,Alto
0.2332,0.0725,3.8228,Alto
0.5332,0.8656,3.4291,Alto
0.1026,0.2241,1.7443,Medio
0.3441,0.4271,1.53,Medio
0.369,0.7869,3.5009,Alto
0.4941,0.0643,0.8546,Bajo
0.568,0.5042,0.893,Bajo
0.5112,0.8196,2.4974,Alto
0.9633,0.6046,2.5259,Medio
0.7272,0.4331,2.4268,Alto
0.2279,0.6773,1.497,Medio
0.4628,0.3085,3.38,Alto
0.4342,0.6917,1.7555,Medio
0.4409,0.7618,3.3712,Alto
0.8874,0.542,3.6735,Alto
0.9136,0.2647,2.9979,Alto
0.213,0.6376,1.5307,Alto
0.955,0.8306,1.7728,Medio
0.1317,0.7942,1.4645,Alto
0.5592,0.6937,2.3242,Alto
0.644,0.7801,1.9951,Alto
0.226,0.3609,2.6241,Alto
0.8194,0.6076,0.9968,Bajo
0.2569,0.4355,2.6555,Alto
0.8331,0.1344,2.3817,Medio
0.9412,0.9111,3.15,Alto
0.8704,0.1922,3.5648,Alto
0.9083,0.4158,1.0,Bajo
0.1549,0.3319,3.9626,Alto
0.4132,0.9157,2.7189,Alto
0.2925,0.7379,3.7346,Alto
0.4829,0.0569,1.9964,Medio
0.141,0.5132,2.1424,Alto
0.4694,0.854,1.258,Medio
0.1921,0.9365,3.9426,Alto
0.9926,0.4169,2.8087,Alto
0.2893,0.1884,1.8405,Medio
0.9748,0.126,3.2497,Alto
0.5761,0.4014,3.1689,Alto
0.092,0.8616,2.0321,Alto
0.7105,0.3341,1.9442,Medio
0.9421,0.2709,3.5142,Alto
0.4967,0.4305,1.3544,Medio
0.1273,0.0626,2.3568,Alto
0.3695,0.9824,1.3863,Medio
0.123,0.4884,3.6703,Alto
0.5738,0.2363,2.6062,Alto
0.9531,0.171,2.7181,Medio
0.9814,0.8793,2.8869,Alto
0.6075,0.1186,1.9397,Medio
0.3548,0.891,1.1,Medio
0.3148,0.2534,2.7446,Alto
0.6866,0.4507,1.7313,Medio
0.331,0.3377,1.3543,Medio
0.032,0.1627,2.7286,Alto
0.1173,0.8159,3.3335,Alto
0.0318,0.9638,3.9209,Alto
0.4073,0.1841,1.3325,Medio
0.7515,0.9667,1.8337,Medio
0.2647,0.8198,2.4523,Alto
0.8677,0.2565,1.7157,Medio
0.0892,0.893,2.1175,Alto
0.1154,0.7312,0.8721,Medio
0.6966,0.1255,2.3248,Medio
0.7464,0.3263,2.0355,Medio
0.2859,0.4201,0.8062,Medio
0.726,0.2074,1.4686,Bajo
0.3216,0.4341,2.0184,Alto
0.5372,0.2228,1.3167,Medio
0.3444,0.485,1.1148,Medio
0.0299,0.2381,1.8764,Alto
0.7233,0.2955,2.6953,Alto
0.3057,0.9063,0.96,Medio
0.6718,0.5087,2.0198,Medio
0.6146,0.6059,2.6328,Alto
0.2937,0.6131,3.3032,Alto
0.6544,0.7653,2.073,Alto
0.9667,0.2142,3.6626,Alto
0.9286,0.5657,2.1461,Medio
0.2891,0.3538,2.174,Alto
0.467,0.5039,2.4944,Alto
0.6479,0.1405,2.1124,Medio
0.7924,0.997,0.9135,Medio
0.1098,0.4443,2.4597,Alto
0.3371,0.9969,3.5065,Alto
0.8889,0.4781,2.4947,Medio
0.9885,0.5852,2.2285,Medio
0.5447,0.0138,3.5815,Alto
0.7271,0.1174,3.5125,Alto
0.9137,0.7924,1.7016,Medio
0.642,0.8141,3.5267,Alto
0.8539,0.1113,1.1219,Bajo
0.7394,0.7389,2.7193,Alto
0.1835,0.792,1.034,Medio
0.6804,0.1109,0.9028,Bajo
0.0984,0.7481,2.0247,Alto
0.8886,0.2107,3.1258,Alto
0.7579,0.9033,1.4812,Medio
0.3867,0.3635,1.2011,Medio
0.1528,0.9937,2.8223,Alto
0.2535,0.8321,3.4284,Alto
0.1932,0.1948,3.2479,Alto
0.3439,0.8119,3.6192,Alto
0.8293,0.9394,1.9916,Medio
0.0003,0.5078,1.341,Medio
0.4725,0.7952,1.5611,Medio
0.0644,0.5267,0.9759,Medio
0.7036,0.3226,3.5941,Alto
0.2031,0.9278,3.0502,Alto
0.2011,0.5561,1.5987,Alto
0.1988,0.9408,0.8487,Medio
0.1329,0.4435,3.7562,Alto
0.5237,0.9746,1.3204,Medio
0.6777,0.4738,0.9454,Bajo
0.7301,0.5006,3.73,Alto
0.679,0.4578,1.4986,Medio
0.7596,0.7576,3.2318,Alto
0.8218,0.3551,3.5482,Alto
0.382,0.24,2.3893,Alto
0.9591,0.4707,2.5089,Medio
0.2142,0.1658,1.682,Medio
0.4904,0.0984,0.932,Bajo
0.7646,0.9301,2.9304,Alto
0.6024,0.4573,3.98,Alto
0.6394,0.9164,0.9857,Medio
0.6925,0.6372,2.2657,Alto
0.7086,0.9726,0.999,Medio
0.4486,0.3783,3.0921,Alto
0.4808,0.5041,3.5938,Alto
0.4319,0.1087,3.258,Alto
0.8648,0.3192,2.0752,Medio
0.9105,0.6954,1.3114,Medio
0.7689,0.5835,3.9655,Alto
0.3057,0.4124,3.7165,Alto
0.0893,0.6582,2.7214,Alto
0.973,0.7359,1.8863,Medio
0.6566,0.0124,3.7415,Alto
0.2125,0.5556,1.8461,Alto
0.8905,0.0334,3.9425,Alto
0.4692,0.9597,3.7482,Alto
0.3718,0.3372,1.9987,Medio
0.6288,0.0918,1.7217,Medio
0.7731,0.8927,3.4144,Alto
0.9124,0.5539,3.9376,Alto
0.7067,0.5711,1.8001,Medio
0.1835,0.3215,3.4821,Alto
0.2766,0.0432,3.7262,Alto
0.5175,0.8477,3.4619,Alto
0.4427,0.227,1.8891,Medio
0.164,0.627,2.0341,Alto
0.6756,0.5786,2.9225,Alto
0.5197,0.3391,1.1593,Medio
0.5446,0.72,0.9123,Medio
0.5879,0.7089,1.3459,Medio
0.8283,0.6953,1.159,Bajo
0.7886,0.2026,3.171,Alto
0.596,0.5771,3.2287,Alto
0.7856,0.4198,3.9603,Alto
0.2343,0.5585,1.8247,Alto
0.1896,0.5712,1.15,Medio
0.5989,0.0418,3.373,Alto
0.6012,0.221,2.9059,Alto
0.5462,0.6451,3.2175,Alto
0.7531,0.6111,3.8587,Alto
0.6756,0.4158,2.7551,Alto
0.2168,0.0738,1.1638,Medio
0.4832,0.5332,2.81,Alto
0.7508,0.6115,1.6661,Medio
0.5415,0.9734,3.0812,Alto
0.5598,0.0539,3.1117,Alto
0.3083,0.3579,1.9239,Medio
0.8463,0.6052,3.9554,Alto
0.2683,0.3026,2.5984,Alto
0.1701,0.9667,3.8197,Alto
0.9897,0.2031,2.299,Medio
0.0285,0.4472,1.6436,Alto
0.5905,0.3168,0.8887,Bajo
0.1315,0.3218,3.2817,Alto
0.6824,0.5801,1.0582,Bajo
0.0697,0.4782,1.1755,Medio
0.3272,0.6384,2.3704,Alto
0.3864,0.1658,3.8467,Alto
0.1197,0.1539,2.9211,Alto
0.0899,0.9784,3.3274,Alto
0.9921,0.6685,3.0715,Alto
0.2617,0.2269,2.6689,Alto
0.5807,0.1078,2.2787,Medio
0.7551,0.0686,3.3397,Alto
0.243,0.2107,1.5849,Medio
0.3828,0.8065,3.9824,Alto
0.744,0.8766,1.3033,Medio
0.5978,0.7235,2.7598,Alto
0.9672,0.3541,2.3784,Medio
0.9072,0.9399,1.7132,Medio
0.5711,0.6568,1.8081,Medio
0.2145,0.5739,3.6614,Alto
0.0009,0.2447,2.5578,Alto
0.7028,0.4057,2.1379,Medio
0.5523,0.0374,2.6279,Alto
0.2964,0.373,3.8347,Alto
0.7985,0.4266,3.9081,Alto
0.2468,0.0066,1.1341,Medio
0.108,0.8712,1.5302,Alto
0.8232,0.8018,2.969,Alto
0.6927,0.6937,3.768,Alto
0.1085,0.4772,1.4868,Medio
0.1185,0.8524,1.7135,Alto
0.9802,0.4155,3.1281,Alto
0.8861,0.6909,2.1048,Medio
0.0975,0.7028,2.1646,Alto
0.6167,0.7654,3.2722,Alto
0.867,0.0898,2.4113,Medio
0.8936,0.5251,2.2808,Medio
0.4989,0.5629,2.5237,Alto
0.2385,0.1536,2.1035,Alto
0.618,0.6855,1.6955,Medio
0.3802,0.7901,0.9102,Medio
0.4993,0.8268,2.6727,Alto
0.2655,0.4947,1.8186,Alto
0.1007,0.8373,1.5659,Alto
0.0679,0.4055,2.5273,Alto
0.5254,0.4855,2.792,Alto
0.9768,0.388,3.4344,Alto
0.3689,0.0217,3.3102,Alto
0.2587,0.4903,1.9377,Alto
0.5225,0.7414,2.875,Alto
0.5702,0.182,3.6376,Alto
0.7313,0.3517,2.6002,Alto
0.0001,0.8715,3.7683,Alto
0.6179,0.2719,1.5656,Medio
0.2437,0.5798,3.6123,Alto
0.7445,0.1914,2.9593,Alto
0.189,0.4235,3.2482,Alto
0.1095,0.2533,1.1774,Medio
0.5745,0.7039,3.9896,Alto
0.2024,0.7724,3.5691,Alto
0.6496,0.8217,2.9436,Alto
0.5134,0.845,0.9623,Medio
0.0106,0.8053,2.7396,Alto
0.571,0.2157,3.944,Alto
0.3838,0.3859,3.2703,Alto
0.592,0.4297,3.6153,Alto
0.9981,0.5654,1.63,Medio
0.2455,0.8359,3.6958,Alto
0.8359,0.171,3.0068,Alto
0.5547,0.9539,3.113,Alto
0.8128,0.8991,3.7672,Alto
0.6507,0.5157,3.5394,Alto
0.1975,0.1718,1.4923,Medio
0.1026,0.5938,3.8357,Alto
0.4194,0.7089,1.8015,Alto
0.4676,0.3229,1.1466,Medio
0.2129,0.7861,1.411,Alto
0.9826,0.1139,3.9458,Alto
0.3477,0.6558,3.2539,Alto
0.6721,0.4062,3.1911,Alto
0.3585,0.5061,1.5843,Medio
0.3481,0.4438,2.9113,Alto
0.2508,0.0267,1.4627,Medio
0.3094,0.6989,3.0337,Alto
0.9445,0.7208,1.2511,Bajo
0.8125,0.8832,2.3478,Alto
0.545,0.8161,0.9887,Medio
0.9763,0.1564,3.9074,Alto
0.744,0.7289,1.0271,Bajo
0.8325,0.2272,3.0034,Alto
0.1076,0.1367,3.7304,Alto
0.7422,0.7103,3.295,Alto
0.5014,0.8296,1.0021,Medio
0.1555,0.6723,2.8618,Alto
0.1131,0.7027,3.3658,Alto
0.638,0.7305,2.3203,Alto
0.1656,0.7511,1.8176,Alto
0.0984,0.2558,3.942,Alto
0.0372,0.3051,2.5487,Alto
0.8577,0.6031,0.9955,Bajo
0.6478,0.587,1.9049,Medio
0.6335,0.7711,3.4562,Alto
0.2615,0.4077,0.8565,Medio
0.1227,0.4865,2.6417,Alto
0.321,0.5413,3.3593,Alto
0.0643,0.9188,2.3823,Alto
0.3352,0.1122,1.8765,Medio
0.6811,0.7264,0.9419,Medio
0.5727,0.0797,2.8666,Alto
0.2568,0.6063,3.6847,Alto
0.1325,0.5765,3.6897,Alto
0.0668,0.5582,2.7313,Alto
0.2619,0.1947,1.0043,Medio
0.13,0.6048,2.6716,Alto
0.6931,0.6231,1.3857,Medio
0.5864,0.6389,2.3475,Alto
0.2781,0.3012,2.4352,Alto
0.2964,0.4515,3.9468,Alto
0.4475,0.8405,3.8056,Alto
0.7461,0.3731,2.4683,Medio
0.8971,0.3487,1.6093,Bajo
0.5727,0.6864,3.8978,Alto
0.4007,0.3932,1.6997,Medio
0.0681,0.4759,2.0079,Alto
0.6525,0.1312,3.8182,Alto
0.8948,0.5283,3.2912,Alto
0.2479,0.8525,1.6518,Alto
0.5698,0.9167,3.3502,Alto
0.7468,0.3163,2.5224,Medio
0.5182,0.0454,2.8223,Alto
0.5031,0.1911,2.2684,Medio
0.8331,0.2127,1.1073,Bajo
0.6758,0.8313,3.7404,Alto
0.0855,0.2077,3.6935,Alto
0.0454,0.7642,3.2457,Alto
0.8665,0.3367,1.9181,Medio
0.1095,0.4521,2.8157,Alto
0.2102,0.9245,3.4963,Alto
0.0697,0.2777,2.6421,Alto
0.7433,0.4966,1.2891,Medio
0.6696,0.7187,1.9756,Medio
0.1574,0.5735,3.7524,Alto
0.2817,0.1795,1.9412,Medio
0.8725,0.7331,3.9112,Alto
0.1072,0.0903,2.0857,Alto
0.148,0.5377,2.3903,Alto
0.2111,0.9712,3.4815,Alto
0.3281,0.9396,3.4366,Alto
0.9669,0.7609,3.9098,Alto
0.4986,0.0189,2.5489,Alto
0.3104,0.866,1.2033,Medio
0.0214,0.1719,3.4039,Alto
0.0523,0.1461,1.416,Medio
0.9593,0.9472,3.3158,Alto
0.6862,0.7113,3.4661,Alto
0.2163,0.0361,1.3305,Medio
0.2417,0.2691,1.9667,Alto
0.833,0.8557,2.5983,Alto
0.3476,0.4802,3.4388,Alto
0.0877,0.3446,2.0484,Alto
0.781,0.7413,0.9407,Bajo
0.9767,0.1845,2.8047,Medio
0.6487,0.9423,1.0335,Medio
0.118,0.8167,1.1781,Medio
0.9566,0.5485,3.6623,Alto
0.1836,0.9942,3.0859,Alto
0.0661,0.1297,3.1913,Alto
0.0545,0.8579,2.5152,Alto
0.2553,0.9568,2.3522,Alto
0.2031,0.0922,0.8869,Medio
0.6038,0.9798,2.154,Alto
0.3181,0.6853,1.7003,Alto
0.3985,0.4421,1.2825,Medio
0.4172,0.2998,1.8621,Medio
0.2462,0.2742,3.1108,Alto
0.0562,0.8883,2.1592,Alto
0.4228,0.6238,1.1708,Medio
0.5424,0.9423,2.7497,Alto
0.6754,0.4461,1.7255,Medio
0.2936,0.2782,3.3177,Alto
0.1696,0.9744,3.5343,Alto
0.7476,0.3226,1.9768,Medio
0.4019,0.9212,1.4907,Medio
0.0556,0.5147,0.8138,Medio
0.5544,0.325,2.8247,Alto
0.5244,0.3047,1.3416,Medio
0.0696,0.9744,2.924,Alto
0.6147,0.3555,1.9198,Medio
0.9118,0.9116,2.0225,Medio
0.2306,0.6504,1.8153,Alto
0.9668,0.2648,1.2879,Bajo
0.5806,0.6888,3.2992,Alto
0.852,0.4807,3.7568,Alto
0.0525,0.1794,3.1351,Alto
0.5343,0.0218,2.0388,Medio
0.9294,0.4745,3.0837,Alto
0.055,0.3035,2.6769,Alto
0.0331,0.1494,3.9759,Alto
0.7791,0.7856,3.8894,Alto
0.6225,0.4779,3.0256,Alto
0.9493,0.8824,1.6573,Medio
0.175,0.3916,2.3228,Alto
0.0299,0.059,2.0625,Alto
0.4378,0.977,1.516,Alto
0.7823,0.0629,1.4577,Bajo
0.6864,0.9923,1.385,Medio
0.2533,0.3995,2.4082,Alto
0.1815,0.3425,2.1768,Alto
0.9481,0.4266,3.5782,Alto
0.0515,0.0154,2.0643,Alto
0.0439,0.7164,3.0461,Alto
0.6102,0.2201,1.6091,Medio
0.71,0.3325,3.2106,Alto
0.1741,0.7643,1.5741,Alto
0.5107,0.9473,1.24,Medio
0.1548,0.3732,2.4035,Alto
0.0366,0.3834,2.718,Alto
0.7631,0.2682,2.4069,Medio
0.4094,0.9964,1.1294,Medio
0.0198,0.7317,3.3742,Alto
0.2268,0.5095,3.1206,Alto
0.3678,0.9383,1.7335,Alto
0.6721,0.9308,2.0715,Alto
0.5078,0.4354,1.6512,Medio
0.4067,0.8273,3.7265,Alto
0.4731,0.2783,2.8626,Alto
0.6128,0.3908,1.7368,Medio
0.3967,0.2057,3.4197,Alto
0.5495,0.2304,1.6407,Medio
0.8626,0.2943,1.91,Medio
0.9467,0.5154,3.0083,Alto
0.5822,0.7468,2.2669,Alto
0.3615,0.6308,3.2231,Alto
0.9129,0.8542,2.9247,Alto
0.2081,0.1864,0.9003,Medio
0.459,0.6432,0.8316,Medio
0.2836,0.9286,1.8588,Alto
0.9293,0.0336,1.4617,Bajo
0.2739,0.2058,0.9111,Medio
0.3233,0.7558,2.0805,Alto
0.5808,0.725,2.8035,Alto
0.5147,0.4813,2.5918,Alto
0.2828,0.0313,1.0349,Bajo
0.4683,0.8999,3.4143,Alto
0.2036,0.9213,3.4577,Alto
0.6792,0.6967,2.5193,Alto
0.4815,0.9666,2.1918,Alto
0.0679,0.1267,0.93,Medio
0.9238,0.6517,3.0047,Alto
0.7986,0.3768,3.0965,Alto
0.4685,0.6157,3.9095,Alto
0.2214,0.6497,0.8204,Medio
0.3987,0.355,1.4158,Medio
0.5942,0.7584,3.1873,Alto
0.525,0.5323,1.8497,Medio
0.3369,0.769,3.8213,Alto
0.0766,0.5671,2.505,Alto
0.4421,0.1384,1.0019,Bajo
0.7019,0.1236,1.6154,Medio
0.9376,0.0105,1.039,Bajo
0.0253,0.4818,3.9095,Alto
0.8333,0.4313,3.0291,Alto
0.4145,0.3455,2.6432,Alto
0.0171,0.7812,3.0395,Alto
0.067,0.9192,3.1146,Alto
0.52,0.5277,3.0652,Alto
0.0766,0.9113,3.0811,Alto
0.6498,0.4469,3.4186,Alto
0.4511,0.2096,3.0758,Alto
0.8678,0.4412,0.9159,Bajo
0.6702,0.0082,2.2261,Medio
0.3397,0.284,3.9564,Alto
0.2426,0.4464,1.0805,Medio
0.1384,0.4235,2.0761,Alto
0.345,0.4531,2.7584,Alto
0.6713,0.2065,1.5874,Medio
0.1613,0.9625,2.9334,Alto
0.819,0.4427,3.3197,Alto
0.9845,0.9069,3.6505,Alto
0.0924,0.2867,1.7121,Medio
0.0636,0.5605,1.1119,Medio
0.4156,0.5365,1.2519,Medio
0.6807,0.7799,3.6479,Alto
0.598,0.5154,2.7196,Alto
0.8926,0.1653,1.5625,Bajo
0.7143,0.8748,1.3248,Medio
0.4904,0.93,2.5336,Alto
0.6662,0.121,3.4206,Alto
0.8008,0.9984,3.2425,Alto
0.8009,0.0812,3.5296,Alto
0.6142,0.4029,3.0427,Alto
0.9896,0.1562,0.854,Bajo
0.6287,0.1787,2.2342,Medio
0.9831,0.1838,1.7119,Bajo
0.476,0.5275,0.8475,Medio
0.2836,0.1767,3.705,Alto
0.8354,0.2951,3.5503,Alto
0.5549,0.8244,3.6651,Alto
0.6296,0.2633,3.4789,Alto
0.419,0.6966,1.745,Medio
0.6225,0.1383,3.4352,Alto
0.2149,0.6807,0.8072,Medio
0.2064,0.9395,2.9381,Alto
0.9924,0.4344,3.6881,Alto
0.307,0.099,2.891,Alto
0.4085,0.7578,3.3865,Alto
0.6876,0.7116,1.7906,Medio
0.5977,0.9802,2.8142,Alto
0.6957,0.3443,3.4857,Alto
0.6955,0.4024,2.824,Alto
0.7596,0.3708,3.3357,Alto
0.5673,0.1191,3.7698,Alto
0.4896,0.2524,2.141,Medio
0.0392,0.2286,3.6682,Alto
0.2406,0.6232,2.7676,Alto
0.254,0.9663,2.2815,Alto
0.5507,0.9761,1.134,Medio
0.8283,0.4009,2.647,Alto
0.6621,0.1784,3.9034,Alto
0.3572,0.5753,2.6869,Alto
0.689,0.3517,2.1945,Medio
0.1336,0.6851,2.1508,Alto
0.8857,0.5282,2.686,Alto
0.2031,0.5316,1.1839,Medio
0.0407,0.4493,3.6345,Alto
0.8341,0.2056,2.62,Medio
0.3729,0.8263,1.8839,Alto
0.2443,0.9479,2.3662,Alto
0.7588,0.9105,3.8832,Alto
0.0796,0.7825,1.7908,Alto
0.4705,0.4584,0.8259,Medio
0.7202,0.2283,3.6129,Alto
0.8872,0.3346,2.6623,Medio
0.6378,0.2923,0.9822,Bajo
0.5305,0.9521,3.4395,Alto
0.5066,0.142,2.4504,Alto
0.9009,0.0903,0.8484,Bajo
0.2503,0.9684,3.6757,Alto
0.1956,0.6775,3.6071,Alto
0.0875,0.3466,2.2605,Alto
0.5045,0.4425,2.1463,Alto
0.4277,0.0784,1.8212,Medio
0.5033,0.7912,2.4311,Alto
0.4459,0.2606,2.9428,Alto
0.3865,0.4107,1.5998,Medio
0.8932,0.8895,1.5907,Medio
0.9418,0.5608,3.2945,Alto
0.4884,0.1049,3.9986,Alto
0.4427,0.1132,1.6012,Medio
0.2704,0.8893,3.074,Alto
0.0776,0.5621,1.9386,Alto
0.382,0.5618,3.1642,Alto
0.8195,0.7672,3.4667,Alto
0.0296,0.6035,1.5963,Alto
0.7018,0.1034,1.5062,Bajo
0.4144,0.6194,3.0993,Alto
0.1819,0.1594,0.9994,Medio
0.8628,0.5429,2.7179,Alto
0.8086,0.2933,2.9373,Alto
0.9824,0.0532,3.3796,Alto
0.2073,0.9917,3.1056,Alto
0.0965,0.8694,3.2502,Alto
0.9462,0.4913,3.652,Alto
0.4769,0.58,1.2772,Medio
0.9189,0.5059,2.0639,Medio
0.603,0.6905,1.6095,Medio
0.9718,0.6869,2.2376,Medio
0.7666,0.9611,2.3147,Alto
0.2129,0.6036,0.8188,Medio
0.814,0.1123,3.0777,Alto
0.112,0.133,3.624,Alto
0.3369,0.0776,1.5733,Medio
0.8014,0.0512,3.3894,Alto
0.2123,0.7008,3.047,Alto
0.6975,0.5672,2.862,Alto
0.2417,0.1683,1.4096,Medio
0.8955,0.5647,2.2477,Medio
0.1089,0.5519,1.1018,Medio
0.9142,0.5304,3.5641,Alto
0.719,0.0242,1.8415,Medio
0.1301,0.457,3.8274,Alto
0.415,0.9108,1.8416,Alto
0.884,0.1307,3.001,Alto
0.6886,0.7198,3.1795,Alto
0.9652,0.8489,2.7509,Alto
0.6647,0.587,3.9352,Alto
0.0516,0.0055,1.8683,Medio
0.3036,0.4876,1.2902,Medio
0.8361,0.4099,2.8612,Alto
0.1542,0.6702,2.8245,Alto
0.8835,0.8037,1.5978,Medio
0.6991,0.4848,2.5921,Alto
0.259,0.2757,1.3635,Medio
0.6563,0.5973,0.9328,Bajo
0.0274,0.2368,2.2131,Alto
0.7988,0.7063,2.5029,Alto
0.5571,0.1726,1.523,Medio
0.6692,0.365,3.5701,Alto
0.5769,0.0323,0.92,Bajo
0.1652,0.957,3.2369,Alto
0.2452,0.1303,2.4819,Alto
0.4952,0.1645,1.9875,Medio
0.2474,0.9591,1.646,Alto
0.5862,0.7028,1.5145,Medio
0.536,0.2052,3.245,Alto
0.0841,0.8495,0.8688,Medio
0.3856,0.7505,1.331,Medio
0.5989,0.8373,2.1421,Alto
0.7975,0.4283,3.3598,Alto
0.1321,0.1575,1.8718,Medio
0.4333,0.6588,3.6119,Alto
0.0574,0.1883,1.7107,Medio
0.8722,0.7022,3.4942,Alto
0.4446,0.9051,1.3705,Medio
0.3953,0.2262,3.791,Alto
0.057,0.2978,2.3251,Alto
0.5534,0.2115,3.055,Alto
0.2283,0.436,1.3174,Medio
0.1126,0.9935,3.0427,Alto
0.2681,0.4175,0.8299,Medio
0.6154,0.6117,3.4761,Alto
0.889,0.0369,1.7349,Bajo
0.1083,0.3774,2.5621,Alto
0.7436,0.6318,2.2525,Alto
0.4516,0.6192,3.4405,Alto
0.8199,0.4615,2.1589,Medio
0.051,0.2023,1.6565,Medio
0.7589,0.1347,1.6889,Medio
0.8718,0.6296,1.5707,Medio
0.1638,0.1157,1.3112,Medio
0.1021,0.0256,2.0485,Alto
0.7729,0.5339,1.404,Medio
0.0978,0.7462,2.4406,Alto
0.399,0.4527,2.4943,Alto
0.11,0.1481,3.4904,Alto
0.4836,0.8996,2.0276,Alto
0.5823,0.2183,1.9681,Medio
0.1679,0.3679,3.8568,Alto
0.1343,0.7591,3.4054,Alto
0.0413,0.4419,2.1703,Alto
0.6828,0.0923,1.5523,Bajo
0.1011,0.2557,1.589,Medio
0.0952,0.6699,3.296,Alto
0.0062,0.0548,3.9319,Alto
0.0808,0.5093,0.82,Medio
0.1995,0.3574,1.2044,Medio
0.719,0.5624,3.1323,Alto
0.5313,0.1202,3.8105,Alto
0.0014,0.4788,3.1208,Alto
0.2199,0.8912,2.6028,Alto
0.1912,0.061,1.9791,Medio
0.4791,0.7667,1.5921,Medio
0.4898,0.6782,1.5577,Medio
0.0767,0.6966,2.8523,Alto
0.547,0.54,1.7038,Medio
0.1633,0.7876,2.2364,Alto
0.6097,0.9475,2.9044,Alto
0.1582,0.5531,0.9846,Medio
0.1807,0.4715,2.9392,Alto
0.7067,0.586,2.2489,Alto
0.8328,0.6932,1.5865,Medio
0.656,0.734,1.421,Medio
0.2778,0.0711,3.6594,Alto
0.8022,0.2515,0.8143,Bajo
0.1721,0.778,2.6376,Alto
0.7479,0.6308,3.4728,Alto
0.5787,0.5221,1.6738,Medio
0.5511,0.6501,1.4759,Medio
0.7903,0.9988,2.0529,Alto
0.7681,0.5,3.4697,Alto
0.7214,0.1316,1.7075,Medio
0.7471,0.051,3.2735,Alto
0.9577,0.6852,2.0611,Medio
0.5,0.4351,1.1876,Medio
0.3456,0.3721,2.0476,Alto
0.4617,0.6144,2.1561,Alto
0.604,0.8043,0.9976,Medio
0.2429,0.9429,3.552,Alto
0.0279,0.9007,2.8218,Alto
0.1669,0.4553,1.804,Alto
0.6523,0.9476,3.3986,Alto
0.1711,0.7461,2.6763,Alto
0.5416,0.5686,3.3213,Alto
0.9692,0.6913,1.6157,Medio
0.396,0.6959,3.8025,Alto
0.3258,0.0983,2.1572,Medio
0.6519,0.6195,3.8206,Alto
0.4554,0.2569,3.4352,Alto
0.4004,0.4725,3.2007,Alto
0.7893,0.2647,1.4003,Bajo
0.7375,0.9434,3.3562,Alto
0.2372,0.1711,1.5681,Medio
0.3792,0.4457,1.4856,Medio
0.3766,0.4611,1.3956,Medio
0.922,0.8317,1.1298,Bajo
0.0896,0.5289,1.9897,Alto
0.7413,0.7839,3.2937,Alto
0.8302,0.359,0.8425,Bajo
0.4154,0.2177,3.2183,Alto
0.0689,0.3111,1.7671,Alto
0.5389,0.9178,1.4541,Medio
0.2127,0.0769,2.2369,Alto
0.2639,0.196,1.7265,Medio
0.6441,0.4754,3.2629,Alto
0.5511,0.7685,1.162,Medio
0.4267,0.6571,2.4584,Alto
0.4366,0.8176,2.8658,Alto
0.2686,0.0633,3.7568,Alto
0.2522,0.3203,2.3398,Alto
0.9697,0.6408,1.5731,Medio
0.8098,0.994,3.4117,Alto
0.5928,0.8374,1.9083,Alto
0.0555,0.3717,1.2078,Medio
0.9441,0.7047,2.9822,Alto
0.0173,0.5046,3.1183,Alto
0.9035,0.9854,2.5405,Alto
0.2625,0.9668,2.656,Alto
0.5941,0.7394,1.6477,Medio
0.6736,0.0418,1.2947,Bajo
0.988,0.5906,1.4934,Bajo
0.3233,0.3345,2.054,Alto
0.8764,0.9993,3.9777,Alto
0.0899,0.9004,2.8276,Alto
0.1531,0.9497,2.1818,Alto
0.3934,0.2927,3.1741,Alto
0.3915,0.9491,3.0219,Alto
0.3952,0.3413,2.4669,Alto
0.5309,0.001,1.9852,Medio
0.3289,0.5707,1.8072,Alto
0.852,0.2439,3.168,Alto
0.0647,0.016,1.9216,Medio
0.5964,0.0424,3.7181,Alto
0.019,0.3135,3.6098,Alto
0.3945,0.2916,3.9176,Alto
0.0295,0.8431,3.4994,Alto
0.6264,0.3628,3.5254,Alto
0.9213,0.1053,1.545,Bajo
0.9879,0.8651,3.0961,Alto
0.9905,0.29,3.4109,Alto
0.7409,0.4312,1.6833,Medio
0.4261,0.1679,2.599,Alto
0.5329,0.8087,3.537,Alto
0.3448,0.562,0.8784,Medio
0.6818,0.6856,0.9773,Bajo
0.7242,0.0493,1.2755,Bajo
0.928,0.8863,2.3036,Alto
0.0189,0.7036,2.3242,Alto
0.4273,0.6197,1.2537,Medio
0.4445,0.1568,3.9488,Alto
0.708,0.2753,1.548,Medio
0.7331,0.8903,1.1056,Medio
0.7188,0.9003,3.7158,Alto
0.8579,0.3298,2.6533,Medio
0.0726,0.3506,2.8981,Alto
0.4927,0.0038,2.9471,Alto
0.7051,0.4387,3.6179,Alto
0.3773,0.2842,1.1003,Medio
0.9857,0.5713,1.2531,Bajo
0.8335,0.0001,3.9206,Alto
0.6753,0.2528,1.5919,Medio
0.9725,0.7542,1.082,Bajo
0.4097,0.5367,1.5554,Medio
0.3195,0.232,2.4814,Alto
0.929,0.6869,3.6154,Alto
0.8556,0.0546,1.5805,Bajo
0.1294,0.0142,1.6698,Medio
0.7683,0.3958,2.4421,Medio
0.8958,0.6805,1.5618,Medio
0.1196,0.4311,3.8017,Alto
0.6969,0.2786,2.9446,Alto
0.925,0.5899,1.4424,Medio
0.2888,0.3917,3.1984,Alto
0.7777,0.9838,1.4941,Medio
0.5661,0.2614,3.5859,Alto
0.2217,0.2653,1.1465,Medio
0.5359,0.6694,1.4242,Medio
0.9838,0.8313,0.9914,Bajo
0.7653,0.3161,3.2297,Alto
0.3716,0.8077,2.9357,Alto
0.2736,0.9476,1.1089,Medio
0.2553,0.913,1.0139,Medio
0.2544,0.4729,1.9639,Alto
0.8656,0.9883,2.9094,Alto
0.8257,0.2303,2.0979,Medio
0.0028,0.9065,3.8902,Alto
0.8863,0.7599,2.6034,Alto
0.7822,0.3791,3.5806,Alto
0.7241,0.8097,1.9078,Medio
0.964,0.5099,1.7552,Medio
0.0116,0.5271,2.9643,Alto
0.4333,0.611,3.9926,Alto
0.7638,0.8798,2.5043,Alto
0.2984,0.6656,2.3677,Alto
0.7138,0.0481,2.8803,Alto
0.4935,0.3492,2.4093,Alto
0.3919,0.3425,3.9547,Alto
0.9491,0.2332,0.9009,Bajo
0.9758,0.2587,3.9351,Alto
0.0689,0.0952,1.056,Medio
0.1246,0.9771,3.0904,Alto
0.9831,0.9645,2.1388,Medio
0.0067,0.3175,1.7808,Alto
0.9634,0.9571,2.5823,Alto
0.5209,0.5637,1.3612,Medio
0.4324,0.4784,2.7755,Alto
0.6208,0.1684,2.943,Alto
0.9437,0.1732,2.7043,Medio
0.1627,0.3351,3.4051,Alto
0.0793,0.2041,1.2051,Medio
0.3795,0.174,2.0687,Medio
0.0972,0.176,1.7143,Medio
0.9444,0.8384,1.863,Medio
0.3154,0.1102,1.248,Medio
0.5239,0.7263,2.1379,Alto
0.573,0.4892,3.5258,Alto
0.8382,0.1145,2.9166,Alto
0.3901,0.9146,3.0018,Alto
0.0187,0.2678,1.2285,Medio
0.0257,0.7364,1.7001,Alto
0.7914,0.5544,1.1567,Bajo
0.9237,0.465,0.9291,Bajo
0.8842,0.7002,3.7374,Alto
0.3371,0.913,3.1226,Alto
0.5019,0.9083,3.1967,Alto
0.5627,0.246,1.1763,Bajo
0.9085,0.8403,2.5782,Alto
0.6297,0.4505,1.3238,Medio
0.8151,0.2533,1.5058,Bajo
0.8858,0.1797,1.241,Bajo
0.058,0.2423,3.913,Alto
0.369,0.8454,1.9531,Alto
0.0708,0.1376,2.5384,Alto
0.7566,0.1401,1.7903,Medio
0.7502,0.2949,3.1531,Alto
0.9724,0.1381,1.3941,Bajo
0.4086,0.5536,2.5792,Alto
0.4233,0.4063,1.247,Medio
0.9806,0.7759,2.9555,Alto
0.4107,0.9142,0.8039,Medio
0.964,0.0345,3.9758,Alto
0.8742,0.2295,1.3612,Bajo
0.2752,0.5034,1.6147,Medio
0.2431,0.6119,3.0271,Alto
0.9672,0.3304,2.6972,Medio
0.1588,0.428,2.4932,Alto
0.5908,0.1351,2.8642,Alto
0.9391,0.6668,1.1685,Bajo
0.4676,0.301,2.81,Alto
0.8447,0.5657,1.9606,Medio
0.7191,0.0623,3.446,Alto
0.6336,0.9213,2.9526,Alto
0.294,0.2493,1.7043,Medio
0.4195,0.4458,2.426,Alto
0.5783,0.9631,1.0929,Medio
0.1163,0.9013,1.8455,Alto
0.9027,0.1512,2.475,Medio
0.9486,0.7426,1.1182,Bajo
0.7126,0.4968,2.7485,Alto
0.9733,0.0959,2.1335,Medio
0.41,0.7667,1.286,Medio
0.9116,0.8602,2.8147,Alto
0.9087,0.2606,3.2926,Alto
0.1285,0.2884,3.7976,Alto
0.3334,0.8506,3.6784,Alto
0.6389,0.3287,2.4581,Alto
0.41,0.0944,2.9183,Alto
0.1398,0.4891,3.5894,Alto
0.5602,0.6308,2.7096,Alto
0.7456,0.9177,1.1853,Medio
0.9392,0.7853,0.9093,Bajo
0.4007,0.8035,1.4421,Medio
0.776,0.166,1.6829,Medio
0.6626,0.7401,0.9795,Medio
0.6919,0.7513,1.1821,Medio
0.2206,0.5489,3.1735,Alto
0.4551,0.0694,1.1148,Bajo
0.7797,0.3741,2.028,Medio
0.586,0.2585,1.1235,Bajo
0.4895,0.2333,3.1669,Alto
0.413,0.0547,2.5178,Alto
0.0396,0.2185,3.8224,Alto
0.0044,0.6834,1.4546,Alto
0.1456,0.4408,3.8193,Alto
0.9464,0.734,3.7499,Alto
0.034,0.5447,1.5615,Alto
0.1936,0.4677,3.0256,Alto
0.4377,0.8302,1.3911,Medio
0.9268,0.2235,0.9122,Bajo
0.5461,0.6254,1.0743,Medio
0.5599,0.55,3.9874,Alto
0.5686,0.7266,1.4271,Medio
0.9004,0.5245,1.351,Bajo
0.434,0.4703,2.4751,Alto
0.5856,0.603,3.3245,Alto
0.5843,0.1126,2.7679,Alto
0.3403,0.6264,3.7689,Alto
0.6908,0.6343,1.4556,Medio
0.1034,0.0318,1.4809,Medio
0.6996,0.5012,3.8847,Alto
0.4212,0.0333,3.5908,Alto
0.7858,0.7956,2.2796,Alto
0.2376,0.7692,2.899,Alto
0.3306,0.9638,2.4565,Alto
0.263,0.8395,3.2979,Alto
0.7893,0.7018,1.0051,Bajo
0.4056,0.6656,1.8525,Alto
0.5841,0.3546,2.3173,Alto
0.2724,0.7623,3.7272,Alto
0.3513,0.3762,3.5368,Alto
0.0427,0.3008,3.7366,Alto
0.1693,0.1162,0.969,Medio
0.9389,0.4407,0.8757,Bajo
0.4156,0.4935,3.1887,Alto
0.6885,0.584,3.658,Alto
0.4007,0.3699,1.0178,Medio
0.2129,0.5099,3.6296,Alto
0.7398,0.6461,2.7827,Alto
0.19,0.3773,1.6491,Medio
0.2373,0.6964,2.5052,Alto
0.2104,0.065,1.232,Medio
0.0231,0.5704,1.5915,Alto
0.6482,0.107,1.8461,Medio
0.7695,0.8778,2.2272,Alto
0.0876,0.6442,2.899,Alto
0.122,0.041,1.8742,Medio
0.7379,0.1611,1.8111,Medio
0.5895,0.9265,2.1764,Alto
0.6766,0.1735,2.2808,Medio
0.294,0.4731,1.2326,Medio
0.9789,0.199,1.7586,Bajo
0.946,0.6627,3.6785,Alto
0.3263,0.8739,3.8033,Alto
0.4876,0.6105,3.5004,Alto
0.6593,0.0841,3.7871,Alto
0.2819,0.7844,3.9513,Alto
0.8848,0.3085,2.0983,Medio
0.3734,0.5763,1.8696,Alto
0.4021,0.1967,2.5981,Alto
0.5154,0.6119,1.7581,Medio
0.3442,0.3852,1.4996,Medio
0.5457,0.4264,3.9453,Alto
0.6274,0.7632,3.6596,Alto
0.6664,0.0537,3.7326,Alto
0.392,0.0388,3.9911,Alto
0.3469,0.4378,2.5699,Alto
0.5136,0.2966,2.6867,Alto
0.7521,0.3768,2.028,Medio
0.5657,0.415,1.5224,Medio
0.6164,0.0718,3.9873,Alto
0.0014,0.8554,1.6178,Alto
0.573,0.0028,3.078,Alto
0.9712,0.9102,3.6705,Alto
0.7466,0.7736,1.7114,Medio
0.6778,0.6777,3.2244,Alto
0.3086,0.5972,0.9569,Medio
0.3965,0.3719,2.517,Alto
0.6597,0.3373,2.8079,Alto
0.2191,0.099,2.5863,Alto
0.284,0.0163,2.1797,Medio
0.9091,0.1971,3.7712,Alto
0.5468,0.4328,2.8882,Alto
0.8354,0.3992,2.6696,Alto
0.6412,0.5521,2.3602,Alto
0.7011,0.8072,2.0913,Alto
0.1133,0.2971,2.8467,Alto
0.2189,0.3173,1.4005,Medio
0.3698,0.5273,1.8118,Medio
0.7502,0.0523,3.5927,Alto
0.595,0.1496,1.1803,Bajo
0.5354,0.6264,3.2123,Alto
0.3712,0.7035,1.8033,Alto
0.4044,0.4557,3.1691,Alto
0.3505,0.7469,1.5595,Medio
0.426,0.9142,3.3002,Alto
0.5061,0.9019,3.2763,Alto
0.091,0.9779,2.7177,Alto
0.1787,0.82,0.9422,Medio
0.509,0.4254,2.926,Alto
0.2859,0.5077,3.448,Alto
0.6735,0.804,1.6753,Medio
0.9436,0.1028,3.9719,Alto
0.1711,0.2877,3.8733,Alto
0.1046,0.8079,1.0749,Medio
0.0188,0.9645,3.3206,Alto
0.2329,0.3466,3.2894,Alto
0.2272,0.6047,0.9542,Medio
0.0858,0.0924,3.6387,Alto
0.8445,0.9058,2.1629,Alto
0.6589,0.8105,1.7099,Medio
0.0272,0.9183,3.6793,Alto
0.1073,0.1652,2.0143,Alto
0.8133,0.7303,3.9538,Alto
0.8944,0.6962,0.9379,Bajo
0.7233,0.49,2.8081,Alto
0.6089,0.4323,1.3777,Medio
0.913,0.9712,0.8198,Bajo
0.0694,0.0841,0.9807,Medio
0.4398,0.6341,2.2248,Alto
0.8663,0.1202,1.4563,Bajo
0.5776,0.9852,2.2657,Alto
0.1828,0.3091,3.99,Alto
0.8666,0.6444,2.9069,Alto
0.1327,0.9434,3.6524,Alto
0.3169,0.854,2.4976,Alto
0.0091,0.7586,3.1673,Alto
0.6405,0.1571,1.3374,Bajo
0.3111,0.8772,2.5992,Alto
0.3309,0.5301,1.2139,Medio
0.7348,0.4256,1.9538,Medio
0.2071,0.475,0.8116,Medio
0.3848,0.0729,1.8829,Medio
0.8228,0.1765,3.2623,Alto
0.0185,0.5291,3.3681,Alto
0.0681,0.8474,2.1579,Alto
0.5025,0.1347,2.3616,Medio
0.8487,0.7074,3.784,Alto
0.241,0.9556,3.3496,Alto
0.2033,0.0548,1.9062,Medio
0.4066,0.5157,1.6739,Medio
0.2917,0.3508,2.6,Alto
0.3068,0.3217,3.1883,Alto
0.0851,0.7893,1.3015,Alto
0.5093,0.2728,2.9643,Alto
0.5221,0.7761,1.8788,Alto
0.9104,0.5745,3.5111,Alto
0.2893,0.5156,3.5033,Alto
0.5584,0.0063,3.5163,Alto
0.4652,0.0192,2.2031,Medio
0.8609,0.7277,3.3778,Alto
0.4924,0.5512,2.6122,Alto
0.8863,0.7192,2.5522,Alto
0.6158,0.1568,2.9802,Alto
0.9,0.6689,3.2682,Alto
0.5685,0.2729,3.5658,Alto
0.1424,0.5379,1.3277,Medio
0.7877,0.9698,2.9489,Alto
0.4731,0.1168,1.936,Medio
0.2939,0.3538,0.8158,Medio
0.4145,0.9886,1.3898,Medio
0.4434,0.1619,1.7846,Medio
0.8641,0.9031,1.2028,Medio
0.7468,0.9981,1.7492,Medio
0.9754,0.5604,2.9178,Alto
0.9327,0.8463,3.221,Alto
0.7911,0.8055,3.8407,Alto
0.9681,0.0806,3.3511,Alto
0.7146,0.1393,2.5582,Medio
0.7546,0.4765,2.4923,Alto
0.7896,0.7106,2.6169,Alto
0.9689,0.8113,3.2656,Alto
0.0235,0.8854,3.2211,Alto
0.4814,0.733,3.6186,Alto
0.5766,0.6779,1.9276,Medio
0.7749,0.8363,1.5012,Medio
0.7559,0.1512,3.1228,Alto
0.707,0.2098,2.9689,Alto
0.3575,0.2181,3.0673,Alto
0.2497,0.3653,0.9759,Medio
0.6348,0.967,0.8015,Medio
0.5257,0.6021,3.7795,Alto
0.6448,0.2816,2.2311,Medio
0.7711,0.3071,2.588,Medio
0.7193,0.635,3.3462,Alto
0.9565,0.9757,1.5608,Medio
0.4157,0.6562,3.8063,Alto
0.8018,0.7704,1.8543,Medio
0.3078,0.9677,0.9151,Medio
0.6487,0.2396,2.6632,Alto
0.2356,0.8264,1.314,Medio
0.7992,0.0434,1.901,Medio
0.4393,0.9539,2.2195,Alto
0.67,0.2062,2.4935,Medio
0.369,0.7134,3.5321,Alto
0.8955,0.2755,1.9169,Medio
0.8947,0.1238,3.8837,Alto
0.7045,0.818,3.0864,Alto
0.7008,0.7302,1.9359,Medio
0.8611,0.6467,0.9185,Bajo
0.5449,0.9931,2.6419,Alto
0.1941,0.273,1.1935,Medio
0.8254,0.6691,3.2022,Alto
0.3642,0.8918,3.4176,Alto
0.7741,0.8856,1.5761,Medio
0.3727,0.6755,3.2985,Alto
0.1868,0.8756,3.7498,Alto
0.2298,0.3858,3.1944,Alto
0.8498,0.2059,1.5241,Bajo
0.2476,0.1648,2.0994,Alto
0.635,0.5988,2.9198,Alto
0.542,0.2869,2.3818,Alto
0.475,0.7755,2.3604,Alto
0.7454,0.5151,3.8473,Alto
0.6049,0.3289,1.8384,Medio
0.8094,0.5422,0.9364,Bajo
0.4349,0.0288,1.5276,Medio
0.6305,0.3961,2.6135,Alto
0.8709,0.1893,3.8976,Alto
0.6799,0.1025,1.4454,Bajo
0.402,0.2299,2.0404,Medio
0.7804,0.2724,1.0235,Bajo
0.0309,0.5988,1.086,Medio
0.6856,0.5938,3.06,Alto
0.9614,0.6889,1.7022,Medio
0.3693,0.5494,3.6724,Alto
0.124,0.8822,3.4728,Alto
0.1218,0.2658,3.0243,Alto
0.0264,0.4809,2.6239,Alto
0.3178,0.17,3.8455,Alto
0.2013,0.8011,1.3366,Medio
0.8188,0.2573,1.275,Bajo
0.9279,0.1019,2.5172,Medio
0.0293,0.8645,2.3446,Alto
0.7352,0.3628,2.4434,Medio
0.6568,0.0966,1.5951,Medio
0.6044,0.1472,0.9624,Bajo
0.8874,0.2726,1.8083,Medio
0.726,0.1194,3.5423,Alto
0.7414,0.4967,1.1782,Bajo
0.9692,0.6283,1.903,Medio
0.7726,0.6906,1.4207,Medio
0.5993,0.578,3.4538,Alto
0.8902,0.0524,3.8839,Alto
0.1394,0.7026,2.7471,Alto
0.8795,0.7767,1.6283,Medio
0.6768,0.2005,1.6037,Medio
0.9493,0.7291,2.5724,Alto
0.1862,0.8754,1.2885,Alto
0.9026,0.127,2.175,Medio
0.8347,0.0572,1.4937,Bajo
0.6715,0.1348,1.3978,Bajo
0.1668,0.0539,1.83,Medio
0.4296,0.9926,1.1616,Medio
0.1631,0.1535,1.7059,Medio
0.0481,0.2615,3.99,Alto
0.3727,0.5342,1.4047,Medio
0.7308,0.9137,3.2703,Alto
0.4007,0.4034,1.0406,Medio
0.1499,0.2907,3.7559,Alto
0.1495,0.0353,2.6609,Alto
0.3575,0.5962,2.9184,Alto
0.8452,0.7831,2.3136,Alto
0.7055,0.3098,2.1158,Medio
0.3038,0.9602,0.8124,Medio
0.2303,0.2088,1.5522,Medio
0.7918,0.2676,1.829,Medio
0.1105,0.6335,3.1907,Alto
0.0662,0.6983,3.6609,Alto
0.0052,0.688,1.1605,Medio
0.3723,0.5312,1.5154,Medio
0.003,0.3702,2.0092,Alto
0.1625,0.4674,3.2188,Alto
0.3228,0.1134,3.393,Alto
0.3458,0.0062,1.388,Medio
0.9477,0.4822,3.3196,Alto
0.2282,0.4863,3.5985,Alto
0.0809,0.635,2.9233,Alto
0.77,0.891,1.3528,Medio
0.5763,0.4065,3.3293,Alto
0.0548,0.2099,3.4675,Alto
0.1911,0.6168,1.0883,Medio
0.5506,0.843,3.9157,Alto
0.5081,0.7321,2.1439,Alto
0.4976,0.1598,1.1256,Bajo
0.1552,0.7414,3.9991,Alto
0.3453,0.0323,2.2155,Medio
0.2688,0.298,2.4786,Alto
0.5134,0.6425,1.7799,Medio
0.8951,0.3212,3.7915,Alto
0.5,0.8047,2.824,Alto
0.1413,0.0165,2.7377,Alto
0.9718,0.7553,1.4805,Medio
0.1485,0.2831,1.5716,Medio
0.732,0.457,3.9698,Alto
0.5898,0.7447,0.968,Medio
0.4794,0.075,1.2194,Bajo
0.5057,0.9336,2.2394,Alto
0.5661,0.1248,2.0199,Medio
0.1958,0.6446,1.6027,Alto
0.901,0.6252,3.6829,Alto
0.9281,0.3246,2.3516,Medio
0.4487,0.7662,2.3517,Alto
0.9807,0.7576,3.6502,Alto
0.9077,0.1626,3.2921,Alto
0.2923,0.0468,2.6604,Alto
0.1436,0.2576,1.9848,Alto
0.0038,0.2366,3.5881,Alto
0.5772,0.7389,2.8646,Alto
0.8802,0.7249,1.9018,Medio
0.2926,0.5083,2.5586,Alto
0.6891,0.0324,0.9359,Bajo
0.4868,0.0148,3.5934,Alto
0.3595,0.0433,3.8935,Alto
0.0765,0.4099,1.3011,Medio
0.833,0.3276,3.784,Alto
0.4152,0.5721,3.115,Alto
0.0543,0.36,3.2975,Alto
0.5588,0.0999,1.9903,Medio
0.3445,0.7307,1.1197,Medio
0.3518,0.416,1.5463,Medio
0.2953,0.2039,1.55,Medio
0.1343,0.9601,3.4888,Alto
0.5408,0.9989,1.3006,Medio
0.4778,0.9405,2.7791,Alto
0.8779,0.3974,3.4324,Alto
0.7513,0.3333,3.154,Alto
0.3358,0.5878,1.0209,Medio
0.6792,0.0586,2.9358,Alto
0.8973,0.9945,3.8491,Alto
0.6402,0.8698,1.8813,Alto
0.8344,0.261,1.1668,Bajo
0.1838,0.7508,1.3683,Medio
0.7414,0.6342,1.8008,Medio
0.0989,0.1024,2.5588,Alto
0.8597,0.5997,1.6458,Medio
0.0793,0.6125,0.8979,Medio
0.7863,0.1445,2.2595,Medio
0.3008,0.2245,3.592,Alto
0.2089,0.6787,0.8739,Medio
0.5538,0.7011,2.5979,Alto
0.6069,0.7461,3.0335,Alto
0.899,0.6134,3.7039,Alto
0.147,0.7973,2.1867,Alto
0.4694,0.8825,2.0903,Alto
0.3078,0.9153,3.7901,Alto
0.3031,0.0545,1.7051,Medio
0.6922,0.0853,3.1522,Alto
0.91,0.755,2.6362,Alto
0.5407,0.3999,3.6591,Alto
0.4036,0.2397,0.9117,Bajo
0.7081,0.8009,0.9725,Medio
0.1595,0.6988,2.6936,Alto
0.8261,0.8486,0.8396,Bajo
0.5323,0.6137,1.8595,Medio
0.62,0.1039,2.0727,Medio
0.1091,0.6514,1.1408,Medio
0.5891,0.9373,1.4801,Medio
0.0583,0.8329,3.4991,Alto
0.0494,0.1303,1.9218,Alto
0.0739,0.0165,1.6263,Medio
0.5546,0.6471,2.8441,Alto
0.0443,0.2237,2.3936,Alto
0.297,0.5074,1.3738,Medio
0.7576,0.0951,1.5634,Bajo
0.2725,0.7548,3.3064,Alto
0.9359,0.3399,1.3029,Bajo
0.4642,0.0648,1.6267,Medio
0.1658,0.8786,3.8322,Alto
0.7747,0.1107,3.2014,Alto
0.3686,0.2162,3.1027,Alto
0.5581,0.8301,3.9755,Alto
0.3746,0.5179,2.7979,Alto
0.195,0.5113,3.4128,Alto
0.1485,0.442,3.0339,Alto
0.5148,0.9732,0.9298,Medio
0.1417,0.1201,1.0832,Medio
0.154,0.274,3.8726,Alto
0.5973,0.6995,1.315,Medio
0.8354,0.4725,2.5484,Alto
0.9017,0.0396,2.13,Medio
0.92,0.8125,3.6969,Alto
0.9207,0.7007,2.7349,Alto
0.1944,0.524,3.123,Alto
0.6876,0.9007,3.395,Alto
0.7747,0.2687,1.0105,Bajo
0.4304,0.27,2.4277,Alto
0.9438,0.748,1.3273,Medio
0.9917,0.7373,1.3911,Medio
0.0235,0.4717,1.2674,Medio
0.2699,0.6149,3.8858,Alto
0.5935,0.5021,1.0283,Bajo
0.806,0.0331,3.2141,Alto
0.3474,0.7161,3.503,Alto
0.8973,0.3653,1.9247,Medio
0.941,0.8137,2.9337,Alto
0.8416,0.354,0.946,Bajo
0.8452,0.8268,3.643,Alto
0.6777,0.3984,2.6127,Alto
0.7589,0.143,2.1125,Medio
0.8453,0.9357,0.901,Medio
0.7884,0.7103,1.7833,Medio
0.2871,0.694,1.7792,Alto
0.2989,0.9429,3.0242,Alto
0.5018,0.5397,3.1199,Alto
0.6074,0.9214,3.1772,Alto
0.5933,0.4804,1.3081,Medio
0.7239,0.1106,2.135,Medio
0.8462,0.631,1.7292,Medio
0.8599,0.5004,1.1561,Bajo
0.9122,0.0114,1.3384,Bajo
0.5051,0.7407,2.1978,Alto
0.0255,0.498,1.3925,Medio
0.3981,0.5415,3.5541,Alto
0.1183,0.7768,2.9932,Alto
0.63,0.6696,2.5146,Alto
0.476,0.8275,2.8452,Alto
0.6073,0.9032,3.9549,Alto
0.9371,0.5331,2.9373,Alto
0.9148,0.6901,1.2535,Bajo
0.097,0.6123,1.3508,Medio
0.9947,0.4452,1.3696,Bajo
0.3357,0.6512,3.0633,Alto
0.3528,0.6124,2.583,Alto
0.5739,0.5793,2.337,Alto
0.3265,0.0377,2.5626,Alto
0.1937,0.5532,1.9798,Alto
0.481,0.8385,3.067,Alto
0.2532,0.002,1.0837,Bajo
0.7441,0.0488,1.724,Bajo
0.9499,0.44,1.7287,Medio
0.0686,0.785,1.0361,Medio
0.5367,0.6902,1.6197,Medio
0.5694,0.0126,3.5986,Alto
0.5759,0.5181,3.6372,Alto
0.8759,0.0009,2.4693,Medio
0.5679,0.5559,3.4584,Alto
0.8727,0.865,2.1438,Medio
0.0668,0.4822,1.0937,Medio
0.7436,0.2594,2.0004,Medio
0.5874,0.085,3.619,Alto
0.3087,0.9369,1.7257,Alto
0.2666,0.7101,2.7028,Alto
0.7103,0.2562,1.5029,Medio
0.4727,0.4075,2.7258,Alto
0.5699,0.1637,0.9645,Bajo
0.3217,0.1644,0.941,Bajo
0.548,0.2158,3.7496,Alto
0.3282,0.7803,2.0771,Alto
0.5199,0.1478,3.7372,Alto
0.1049,0.2374,1.4619,Medio
0.9404,0.6616,2.7143,Alto
0.1637,0.1475,1.3786,Medio
0.879,0.1736,1.9574,Medio
0.9446,0.5618,3.1246,Alto
0.6933,0.0283,0.8007,Bajo
0.2507,0.9419,1.3965,Alto
0.1759,0.4211,0.816,Medio
0.1932,0.2865,1.4889,Medio
0.7519,0.3763,3.8575,Alto
0.2693,0.2678,1.5202,Medio
0.8324,0.7398,2.6721,Alto
0.7871,0.3924,3.3304,Alto
0.3214,0.8481,1.1738,Medio
0.4125,0.6777,3.6258,Alto
0.5174,0.942,2.6035,Alto
0.2871,0.8796,2.5153,Alto
0.8888,0.6523,2.7974,Alto
0.903,0.2226,3.4582,Alto
0.0096,0.9613,2.5021,Alto
0.0683,0.0277,1.3251,Medio
0.8404,0.1386,2.9378,Alto
0.3463,0.2093,3.1943,Alto
0.4864,0.0007,1.0531,Bajo
0.9517,0.0605,2.5796,Medio
0.2522,0.3272,3.5928,Alto
0.995,0.7843,1.7946,Medio
0.9944,0.5937,3.28,Alto
0.712,0.5407,3.5257,Alto
0.6634,0.5809,3.7102,Alto
0.3301,0.3298,3.8129,Alto
0.6884,0.4038,2.4394,Alto
0.2952,0.1289,2.1648,Alto
0.9156,0.2577,3.2885,Alto
0.0298,0.4621,1.1367,Medio
0.1841,0.925,1.0156,Medio
0.0252,0.7636,2.2551,Alto
0.8803,0.8409,1.4505,Medio
0.9855,0.5939,3.2561,Alto
0.9124,0.0221,1.3879,Bajo
0.7151,0.7719,3.8411,Alto
0.7745,0.3096,2.5054,Medio
0.2775,0.9304,3.4514,Alto
0.4096,0.7255,1.7616,Alto
0.4679,0.4046,1.139,Medio
0.9692,0.1775,3.7478,Alto
0.0867,0.9936,2.7354,Alto
0.3745,0.9422,1.96,Alto
0.7906,0.4134,2.8393,Alto
0.9008,0.355,1.7021,Medio
0.1033,0.8152,1.2893,Alto
0.3454,0.3509,3.238,Alto
0.1652,0.6753,3.4529,Alto
0.6818,0.0872,1.9995,Medio
0.5114,0.8887,1.7496,Alto
0.4491,0.9499,2.8189,Alto
0.6771,0.3451,1.9268,Medio
0.6342,0.7972,3.534,Alto
0.0613,0.0979,3.2383,Alto
0.2762,0.9754,1.0967,Medio
0.2239,0.2056,3.4193,Alto
0.7186,0.3537,2.0588,Medio
0.8288,0.0471,1.059,Bajo
0.7222,0.5543,1.3931,Medio
0.7802,0.4196,1.8317,Medio
0.8916,0.759,2.1826,Medio
0.2113,0.0725,1.5264,Medio
0.6507,0.6469,3.3461,Alto
0.2353,0.3151,2.0549,Alto
0.3338,0.6501,0.8751,Medio
0.42,0.7479,1.5405,Medio
0.1062,0.6911,2.1427,Alto
0.0209,0.033,2.2546,Alto
0.293,0.107,1.8981,Medio
0.9691,0.1236,3.3225,Alto
0.5882,0.1544,1.3576,Bajo
0.9456,0.8246,3.5703,Alto
0.7503,0.0893,3.4139,Alto
0.8242,0.32,2.6706,Alto
0.6288,0.8039,3.6837,Alto
0.2136,0.247,0.8295,Medio
0.5817,0.4966,1.239,Medio
0.9565,0.0603,3.1043,Alto
0.0035,0.9873,2.1006,Alto
0.502,0.2071,3.5392,Alto
0.2109,0.6118,1.6642,Alto
0.4724,0.6522,2.5213,Alto
0.5783,0.7522,2.1688,Alto
0.3201,0.5891,1.92,Alto
0.3441,0.0804,2.1694,Medio
0.2174,0.7649,1.7326,Alto
0.9662,0.0994,1.1588,Bajo
0.8659,0.0676,1.5386,Bajo
0.5559,0.7167,1.5791,Medio
0.977,0.8132,1.9568,Medio
0.1785,0.6619,2.6904,Alto
0.254,0.548,3.5986,Alto
0.3277,0.9733,3.4195,Alto
0.5652,0.7266,1.4636,Medio
0.1788,0.2223,0.9955,Medio
0.1448,0.6232,2.8623,Alto
0.7653,0.212,3.3382,Alto
0.7066,0.0742,3.4895,Alto
0.3025,0.4118,1.3167,Medio
0.7194,0.4849,2.0743,Medio
0.5223,0.0712,3.8743,Alto
0.631,0.1619,2.4165,Medio
0.2914,0.5799,3.8665,Alto
0.0959,0.0848,3.5312,Alto
0.1196,0.8782,2.6461,Alto
0.5648,0.3901,2.9593,Alto
0.235,0.0228,2.3255,Alto
0.9239,0.0521,1.3271,Bajo
0.1683,0.0081,0.8573,Medio
0.2076,0.6405,1.4272,Medio
0.5481,0.4537,1.2777,Medio
0.1551,0.3074,1.0287,Medio
0.2676,0.0058,1.8609,Medio
0.0992,0.0688,2.499,Alto
0.8706,0.681,1.9014,Medio
0.5216,0.1138,1.6536,Medio
0.8728,0.542,2.5925,Alto
0.034,0.5529,2.2077,Alto
0.5582,0.6061,2.5698,Alto
0.4568,0.2773,3.8022,Alto
0.0878,0.2573,3.261,Alto
0.5157,0.862,1.428,Medio
